<?xml version="1.0" encoding="UTF-8"?>
    <addon id="repository.PatrickTV" name="Patricks Repo" version="0.1.0" provider-name="Patrick">
        <requires>
            <import addon="xbmc.addon" version="12.0.0"/>
        </requires>
        <extension point="xbmc.addon.repository" name="Patricks Repo">
            <info compressed="false">https://github.com/PatrickTV/_PatrickTV/addons.xml</info>
            <checksum>https://github.com/PatrickTV/_PatrickTV/addons.xml.md5</checksum>
            <datadir zip="true">https://github.com/PatrickTV/_PatrickTV/</datadir>
            <hashes>false</hashes>
        </extension>
        <extension point="xbmc.addon.metadata">
            <summary>A short summary of this addon</summary>
            <description>My addons for Kodi.</description>
            <platform>all</platform>
    </extension>
</addon>